Galvin;Battle;16-01-14;tortor.dictum.eu@liberoDonec.co.uk;Golspie;ligula@aultricies.com;CH0364219710014902952
Emmanuel;Mcdowell;29-06-15;consectetuer.adipiscing@amet.co.uk;Iqaluit;vestibulum.massa.rutrum@magnaPraesentinterdum.co.uk;SI87997055325691377
Eleanor;Mcdaniel;21-05-14;Nunc.mauris@vulputate.net;South Burlington;Donec.at.arcu@a.edu;SI24984042318379221
Xandra;Hines;28-11-14;libero.Integer.in@Cras.net;Norman Wells;Mauris@Morbiaccumsanlaoreet.co.uk;FI5639547362741189
Shaine;Durham;17-06-15;est@nonmassa.net;Alajuela;faucibus.ut@fermentumrisusat.org;AE880530326886843899504
Rinah;Phelps;21-02-15;magna.Nam@sem.edu;San Marcello;In.lorem@vulputateveliteu.ca;AD4306813440538289012103
Katelyn;Benjamin;07-12-13;amet.faucibus.ut@scelerisque.com;Sapele;pharetra@velvenenatisvel.edu;MD4140537569106455977534
Bevis;Daugherty;09-05-14;orci.Ut.semper@necleoMorbi.org;Gojra;commodo@utodio.net;GL4946325302304191
Ronan;Mcclain;22-12-14;odio.Nam.interdum@Aliquamrutrum.co.uk;Scena/Schenna;faucibus.id@elitpellentesquea.co.uk;LV34AXZN6530317545719
Kennan;Blankenship;06-11-13;lectus.convallis@Integer.net;Troon;felis.eget.varius@Phasellusdolor.org;GT08201624358555389766680541
Madeson;Small;28-02-15;auctor.nunc.nulla@consectetuereuismod.org;Sint-Pauwels;non.sapien@Fuscefermentumfermentum.co.uk;GI12CCVF239289629104578
Rosalyn;Fry;24-05-14;lorem@vulputatemauris.net;Scanzano Jonico;odio.sagittis@libero.edu;LT278071441392697426
Robin;Montoya;19-08-14;nulla@massa.org;Rochester;massa.Integer.vitae@malesuada.edu;SE2854704461759383653102
Connor;Harmon;03-06-15;ac.arcu.Nunc@justoPraesentluctus.net;Pontarlier;nonummy@eratnonummyultricies.org;MT91KHUQ67469240578204043810150
Darrel;Kaufman;06-07-15;nunc@pharetraQuisque.org;Lauregno/Laurein;malesuada.Integer@atvelit.net;MK05500674842883673
Reese;Ramos;09-06-15;nascetur.ridiculus@fringillaeuismodenim.edu;Ijebu Ode;Sed.pharetra.felis@nequesed.com;BE85990428385779
Alma;Castro;22-12-14;tortor.Integer@ettristiquepellentesque.co.uk;Oppido Mamertina;nisi.Mauris.nulla@nislMaecenas.net;SM3626294020398170180494598
Clio;Austin;31-05-15;scelerisque.sed@eratsemper.edu;Fraser Lake;rhoncus.Donec@leoVivamus.co.uk;LT735433391615011705
Macy;Chavez;23-11-13;ullamcorper.nisl.arcu@ullamcorperDuis.com;Thame;at@Loremipsum.edu;SM7256954996353362641438801
Nevada;Kim;19-12-13;Morbi.non@senectus.edu;Traun;Cras.dictum.ultricies@tempordiam.edu;NO3177351111547
Olympia;Hendrix;01-12-14;eu.accumsan.sed@Namligulaelit.com;Lebbeke;Nunc.pulvinar.arcu@hymenaeos.edu;MK11946895204016795
Kenyon;Kline;31-08-15;magna.et@id.edu;Brahmapur;Phasellus@eu.com;SK9335131742699499921962
Samantha;Burris;22-02-14;sodales.elit@Donecnon.ca;Flint;arcu.Vestibulum@Nullatinciduntneque.co.uk;SK0991104002519017031932
Buckminster;Ramirez;11-10-14;Sed.nec.metus@Vestibulum.co.uk;Amravati;neque.non@Vivamusmolestiedapibus.edu;MR1247479488006092221255860
Buffy;Hines;25-10-14;Duis@iaculis.net;Marcedusa;diam@porttitorinterdum.ca;AT535772563198344233
Gabriel;Warren;31-08-14;Mauris.magna.Duis@leoCrasvehicula.org;Wha Ti;eu.lacus.Quisque@Suspendissealiquetsem.com;SM1446341121838491095418058
Felicia;Weiss;13-01-15;diam.Duis@Maecenasornare.co.uk;Cervino;volutpat.Nulla@etmagnisdis.net;CH0858807580601093869
Colby;Chavez;18-05-15;scelerisque.dui@porta.com;Santa Cesarea Terme;ipsum@dolortempus.edu;MD1193536258017973252044
Mara;Valdez;19-07-14;Duis.gravida.Praesent@volutpatnunc.com;Villers-lez-Heest;urna.convallis@sedfacilisis.net;CH0660078384849864232
Claudia;Bailey;22-02-15;dolor.egestas@aultricies.ca;Blenheim;elit.Nulla@eleifendnondapibus.org;AT747011978821606188
Meredith;Mccall;12-02-14;auctor@mus.com;Villers-la-Bonne-Eau;dapibus@Nam.net;GR9040360963429264653269874
Camille;Mcfarland;12-02-15;cursus@magnatellusfaucibus.net;Baddeck;Praesent.luctus.Curabitur@risusIn.net;BA079289121714420558
Sarah;Oneill;01-07-15;nascetur.ridiculus@accumsaninterdum.co.uk;Plainevaux;neque.Nullam@sed.org;DK5231601979197933
Donovan;Holmes;17-02-15;Suspendisse@enimCurabitur.net;Tumbler Ridge;In.at@ut.co.uk;RO07ZUQH9618412754918793
Garrett;Barry;10-08-15;dui.in@odio.co.uk;Shipshaw;lacus.Nulla@vehicularisus.ca;GE70367527837131913539
Libby;Nolan;12-06-15;pede.sagittis.augue@aliquetsem.co.uk;Mumbai;lorem.eget@magnanec.net;MD1980645803937999794976
Alexandra;Vasquez;23-12-14;erat.nonummy.ultricies@Uttincidunt.edu;Burns Lake;laoreet.posuere@Maurisquis.ca;TN3681534738339395625944
Honorato;Cox;03-05-14;quis.tristique.ac@cursus.ca;Siquirres;molestie@sedhendrerit.co.uk;LT528667516250754693
Desirae;Sutton;19-01-14;pellentesque.tellus@enimconsequatpurus.org;Regina;Morbi.non.sapien@egestasurna.edu;LU430582273740362466
Ahmed;Price;25-03-14;lectus.pede@sed.ca;Hartlepool;quam.Curabitur.vel@Lorem.com;MT27YYHO41930739715403372663412
Ashton;Mckee;01-03-15;ad.litora@feugiatLoremipsum.com;Fatehpur;a.malesuada.id@DonectinciduntDonec.edu;AE298914660766461440955
Harriet;Abbott;06-04-14;consequat.dolor.vitae@in.ca;São José dos Pinhais;Ut@velitegestas.co.uk;CR6969089024843157951
Deanna;Strickland;29-05-14;Nunc.ullamcorper@consequat.edu;Feldkirchen in Kärnten;parturient@convallisincursus.edu;SK2773780198573705352430
Nyssa;Reid;18-11-14;eu.odio.tristique@Sedauctorodio.ca;Giugliano in Campania;Proin.mi.Aliquam@malesuadafamesac.org;SK9077140748484206663910
Sebastian;Frye;19-10-15;cursus.Nunc@adipiscingligula.co.uk;Agartala;ultrices@Donecvitae.org;LV13QTIO9917835634960
Tiger;Vasquez;22-10-13;aliquam.enim@aliquetvel.edu;Pomarico;molestie.in@egestas.net;VG5424862624454630745777
Isaac;Mcpherson;18-10-14;sit@Nullamfeugiatplacerat.edu;Clarksville;nibh.Donec@magna.ca;CH6794113731844107305
Patience;Wells;24-04-15;ut@tellusfaucibus.org;Aguacaliente (San Francisco);et.risus@Duis.com;FI1071674268275268
Jeanette;Tillman;04-10-15;vel@mattis.net;North Barrackpur;sagittis.Nullam.vitae@utlacusNulla.net;NO4415772204389
Odette;Guzman;30-07-15;blandit.enim.consequat@risusodioauctor.com;Murwara;tellus.lorem.eu@leoVivamusnibh.edu;MK34565043486772839
Xantha;Serrano;17-12-14;penatibus@Vestibulumante.com;Farciennes;egestas@utmiDuis.ca;MK52146765547954286
Darryl;Miles;15-06-15;Duis.elementum.dui@utodiovel.net;Hyères;odio.Phasellus.at@egestas.ca;MK55027892563641249
Lysandra;Singleton;29-08-14;Nam.consequat.dolor@feugiat.net;New Orleans;convallis.ante.lectus@tempor.ca;DE83878937714563531559
Rajah;Cole;23-12-14;Aliquam.vulputate@hymenaeos.com;Sluis;diam.nunc@milorem.org;KZ984850547622017387
Iola;Flynn;05-07-14;fringilla@ipsumSuspendisse.net;Casacalenda;erat.in.consectetuer@scelerisquesedsapien.co.uk;NL55CUAG3363509685
Wing;Michael;11-09-14;sed.dictum@Phaselluselitpede.com;Cimolais;arcu.Nunc.mauris@sapien.co.uk;TN8911533230386238117076
Ainsley;Haney;28-10-14;sagittis.felis.Donec@duilectus.ca;Redcliffe;facilisis.vitae@tempor.org;LU824385460663082169
Steven;Wilkins;21-12-14;ipsum@Sed.co.uk;Orangeville;placerat@ultrices.com;KW6187256536943288607221281085
Bruno;Bernard;29-06-15;montes.nascetur@placeratCras.edu;Winchester;ultricies@adlitoratorquent.ca;LU573190593044927747
Chaney;Beck;24-07-14;sit@ametrisusDonec.com;Cap-Rouge;molestie.sodales@Nullaegetmetus.edu;MC8439567509501322789703402
Abdul;Jimenez;11-07-14;Nulla.semper@nislMaecenasmalesuada.edu;Halesowen;Cras.convallis.convallis@risusDonec.co.uk;NL58QPVL6044955072
Lynn;Conley;29-11-14;Donec.felis.orci@sedfacilisis.co.uk;Alexandria;elit.Aliquam@nonleoVivamus.net;PT62373415846485361242641
Orlando;Manning;30-10-13;Duis.gravida@malesuada.ca;Cawdor;ac.libero@Morbinequetellus.co.uk;HR3063732245686112600
Whitney;Owens;30-04-14;dui.nec.urna@velitCraslorem.org;Montjovet;adipiscing.lacus.Ut@arcuimperdiet.edu;MC6853972732680134440416605
Rebecca;Morrow;21-08-14;non@Quisque.ca;Premeno;Nulla.eget.metus@elit.co.uk;PT23942525377677838143101
Buffy;Mills;16-08-14;Proin.vel@imperdietnon.org;San Antonio;erat.Etiam.vestibulum@luctus.com;LV58JCGC6227382367125
Oliver;Bright;23-09-14;laoreet@idante.ca;Makurdi;dis.parturient.montes@atpretium.net;CZ7953096433921795716299
Jelani;Moody;06-02-15;Fusce.fermentum.fermentum@non.com;Taunusstein;odio@Namnulla.net;HU14232503899265960965640223
Donna;Pearson;12-09-14;tempus@egestasAliquamnec.ca;Aiello Calabro;orci.Donec@odio.net;HU59283836018603743980974550
Nomlanga;Bowers;23-11-13;Maecenas@Mauris.co.uk;Kasur;euismod.urna@disparturient.edu;SE1496117554385581881287
Zelda;Perry;17-07-15;mi@vitaesemper.com;San Felipe;et.eros@Sednunc.org;FI9007440732231813
Violet;Roth;02-11-13;diam@Donecest.com;Vaulx-lez-Chimay;arcu@Etiamimperdiet.net;CR5197039156163891866
Darrel;Wilkins;06-12-13;luctus.vulputate@NullafacilisisSuspendisse.ca;Nancy;Morbi.metus@dictumsapienAenean.net;ES6307737259796173817858
Emi;Hawkins;23-07-15;Nulla.tincidunt@Fuscedolor.org;Rio Grande;libero@Crasloremlorem.edu;LU273970214428458797
Kylynn;Petersen;24-11-13;fames@justo.co.uk;Pickering;consequat.nec.mollis@mauris.ca;GL7422639638172091
Alfonso;Hampton;11-01-15;urna.Ut@magnased.co.uk;Sh?diac;lectus.convallis.est@Curabitursedtortor.com;PL49384544773007391310425739
Hyatt;Navarro;12-08-15;cursus@cursusa.edu;Montrose;Duis@quisdiam.ca;PT30770597548028992635724
Freya;Murphy;01-06-15;egestas.Sed.pharetra@mollis.ca;Saint-Honor�;libero.Proin@lacus.net;FO4039607975621100
Sonia;Moran;24-02-14;turpis.non@atarcuVestibulum.co.uk;Kalyan;et@suscipitnonummy.net;ME50154841956109051118
Yen;Reilly;20-08-15;et@ametfaucibusut.org;Belo Horizonte;ipsum.Donec.sollicitudin@Quisque.org;IS766002836842026507569618
Garrett;Best;12-09-14;montes.nascetur.ridiculus@liberoIntegerin.net;Cedar Rapids;taciti@nonduinec.org;SE9889356909079567716205
Kylynn;Long;16-01-15;neque.venenatis.lacus@eget.com;New Maryland;ut.mi@sit.net;BA572867078698433319
Amaya;English;31-12-14;rutrum.non@laoreet.org;Juiz de Fora;felis.adipiscing.fringilla@Etiam.org;SM9752205570304837520458566
Althea;Gillespie;30-07-15;leo.in.lobortis@dignissimMaecenasornare.org;Sasaram;vitae@nislarcuiaculis.net;FI8944427488992447
Lamar;Bruce;22-07-15;Pellentesque.habitant@Crasvehiculaaliquet.net;Rhayader;ultrices.iaculis.odio@utmolestiein.ca;DK9462232721005813
Moana;Ewing;14-11-13;fringilla.mi.lacinia@purus.co.uk;Macclesfield;justo.nec.ante@Vivamuseuismodurna.net;EE555081919349284061
Stephanie;Richmond;16-02-14;diam@lectus.edu;Jamshedpur;Sed.nulla@orci.edu;AL78029180525891171072961571
Christian;Mitchell;11-12-14;sit.amet.ante@velquamdignissim.ca;Landau;luctus@consequatenim.org;BH20337012762504849500
Jada;Ortega;15-06-14;ultrices.sit.amet@enim.net;Stekene;dapibus.ligula@Nuncuterat.co.uk;AT626714660493172024
Margaret;Murray;09-02-15;Donec.feugiat@rhoncusProinnisl.com;Lawton;dis.parturient@maurissagittisplacerat.com;SE0521186147908489448333
Brooke;Ruiz;12-06-15;sollicitudin.commodo.ipsum@etcommodo.org;Bhilwara;elementum.purus.accumsan@idmollisnec.edu;FI3645268755500437
Steel;Gray;08-09-15;molestie.sodales@diam.com;Rockingham;lectus.justo@nondapibusrutrum.edu;EE543595693987036594
Carlos;Hampton;28-07-15;purus@sapienNuncpulvinar.net;Fort Smith;nulla@felispurusac.org;CY28372379328233237104259223
Germane;Beard;12-11-14;enim@netuset.ca;Tucson;tincidunt.neque.vitae@Aeneanegestashendrerit.co.uk;DE67894352999952072159
Kyra;Mcfadden;14-02-15;sociis.natoque.penatibus@lectusjusto.edu;Kearny;libero@pedenec.edu;KZ717603004515374158
Idona;Bond;24-10-14;auctor@sagittis.co.uk;Agen;pharetra.ut.pharetra@pedenonummyut.edu;FR8009359147698000375419211
Rajah;Carrillo;20-10-15;molestie@odioapurus.org;Palagianello;tincidunt.orci@cursusdiamat.net;BH65484748843913853946
Chaney;Whitfield;13-06-15;ac@Aenean.org;Motta Sant'Anastasia;vel@magna.edu;RS74505676481902569232
Maris;Carr;11-04-15;gravida.Aliquam.tincidunt@penatibuset.net;Almería;Nulla.interdum.Curabitur@Phasellusdolor.ca;CY64077930271446684564056764
Wylie;Cotton;30-06-14;arcu.Sed.et@nuncsedpede.net;Sherborne;lorem.eget@hendreritnequeIn.ca;GI73IJHV460368518957950